{"cameraMode":{"drawMode":0,"name":"Shaded","section":"Shading Mode"},"sceneLighting":false,"audioPlay":false,"sceneViewState":{"m_AlwaysRefresh":false,"showFog":true,"showSkybox":false,"showFlares":true,"showImageEffects":true,"showParticleSystems":true,"showVisualEffectGraphs":true,"m_FxEnabled":true},"in2DMode":false,"pivot":{"x":0.13623857498168946,"y":1.6304160356521607,"z":0.3558991551399231},"rotation":{"x":-0.04464631900191307,"y":-0.6712102293968201,"z":0.04050165414810181,"w":-0.7389317154884338},"size":2.5372424125671388,"orthographic":false}