{"cameraMode":{"drawMode":0,"name":"Shaded","section":"Shading Mode"},"sceneLighting":false,"audioPlay":false,"sceneViewState":{"m_AlwaysRefresh":false,"showFog":true,"showSkybox":false,"showFlares":true,"showImageEffects":true,"showParticleSystems":true,"showVisualEffectGraphs":true,"m_FxEnabled":true},"in2DMode":false,"pivot":{"x":-1.0435879230499268,"y":2.5118587017059328,"z":0.794390082359314},"rotation":{"x":-0.023548442870378495,"y":-0.8431127071380615,"z":0.036932457238435748,"w":-0.5361208319664002},"size":3.3348164558410646,"orthographic":false}