{"cameraMode":{"drawMode":0,"name":"Shaded","section":"Shading Mode"},"sceneLighting":false,"audioPlay":false,"sceneViewState":{"m_AlwaysRefresh":false,"showFog":true,"showSkybox":false,"showFlares":true,"showImageEffects":true,"showParticleSystems":true,"showVisualEffectGraphs":true,"m_FxEnabled":true},"in2DMode":false,"pivot":{"x":3.550630807876587,"y":1.0628421306610108,"z":0.6978662610054016},"rotation":{"x":-0.053072769194841388,"y":-0.7072859406471252,"z":0.05334171652793884,"w":-0.7030369639396668},"size":2.6795287132263185,"orthographic":false}